20210414;Gleisdreieck;https://coronatest-b2b.ticket.io/49647gab/
20210414;Britz;https://coronatest-b2b.ticket.io/gdk3rhw7/
20210414;Seestraße;https://coronatest-b2b.ticket.io/4tj4xqab/
20210414;Friedrichsfelde;https://coronatest-b2b.ticket.io/t9dhbcw9/
20210414;Machandelweg;https://coronatest-b2b.ticket.io/npqc8b7f/
20210415;Weißensee;https://coronatest-b2b.ticket.io/4w73243b/
20210415;Marzahn;https://coronatest-b2b.ticket.io/4jj7c7hk/
20210415;Köpenick;https://coronatest-b2b.ticket.io/leegwbcn/
20210415;Britz-Süd;https://coronatest-b2b.ticket.io/e97mqx2b/
20210415;Cicerostraße;https://coronatest-b2b.ticket.io/7teg4kfd/
20210415;Müllerstraße;https://coronatest-b2b.ticket.io/g8b9exeg/
20210415;Spandau;https://coronatest-b2b.ticket.io/hkk24ak2/
20210416;Friedrichsfelde;https://coronatest-b2b.ticket.io/ct93wg7t/
20210416;Machandelweg;https://coronatest-b2b.ticket.io/f8nxk9r4/
20210416;Indira-Gandhi-Straße;https://coronatest-b2b.ticket.io/qqcxtfh8/
20210416;Lichtenberg;https://coronatest-b2b.ticket.io/37bawt43/
